airport_id,airport_name,iata_code,icao_code
1,John F Kennedy International,JFK,KJFK
2,LaGuardia,LGA,KLGA
3,Long Island Mac Arthur,ISP,KISP
4,John F Kennedy International,JFK,JFK
5,LaGuardia,LGA,LGA
6,Taiwan Taoyuan International (Chiang Kai Shek International),TPE,RCTP
7,Istanbul Airport,IST,LTFM
8,Mariscal Sucre,UIO,SEQM
9,Haneda Airport,HND,RJTT
10,Internacional Benito Juarez,MEX,MMMX
11,Jose Joaquin De Olmedo,GYE,SEGU
12,Seoul (Incheon),ICN,RKSI
13,Charles De Gaulle,CDG,LFPG
14,Tocumen International,PTY,MPTO
15,El Salvador International,SAL,MSLP
16,Hong Kong International,HKG,VHHH
17,Doha International,DOH,OTHH
18,Ninoy Aquino International,MNL,RPLL
19,Ted Stevens Anchorage International Airport,ANC,PANC
20,Zaragoza,ZAZ,LEZG
21,Matecana,PEI,SKPE
22,Brussels Airport,BRU,EBBR
23,Jose Maria Cordova,MDE,SKRG
24,La Aurora,GUA,MGGT
25,Fort Lauderdale–Hollywood International,FLL,KFLL
26,Cheddi Jagan International,GEO,SYCJ
27,Orlando International,MCO,KMCO
28,Norman Manley,KIN,MKJP
29,Cibao International Airport,STI,MDST
30,Miami International Airport,MIA,KMIA
31,Aeropuerto de las Américas,SDQ,MDSD
32,T. F. Green Airport,PVD,KPVD
33,Lester B. Pearson International,YYZ,CYYZ
34,Charlotte Douglas,CLT,KCLT
35,Los Angeles International,LAX,KLAX
36,Hartsfield-jackson Atlanta International,ATL,KATL
37,Chicago O'hare International,ORD,KORD
38,Washington Dulles International,IAD,KIAD
39,Minneapolis - St. Paul International,MSP,KMSP
40,San Francisco International,SFO,KSFO
41,Dallas/Fort Worth International,DFW,KDFW
42,Sky Harbor International,PHX,KPHX
43,Detroit Metropolitan Wayne County,DTW,KDTW
44,Nashville International,BNA,KBNA
45,Palm Beach International Airport,PBI,KPBI
46,Reina Beatrix,AUA,TNCA
47,Philadelphia International,PHL,KPHL
48,Love Field,DAL,KDAL
49,Luis Munoz Marin International,SJU,TJSJ
50,Baltimore/Washington International Thurgood Marshall,BWI,KBWI
51,Southwest Florida International,RSW,KRSW
52,Cancún International,CUN,MMUN
53,Pierre Elliott Trudeau International,YUL,CYUL
54,Midway,MDW,KMDW
55,Sangster International,MBJ,MKJS
56,El Nuevo Dorado International,BOG,SKBO
57,Seattle-Tacoma International,SEA,KSEA
58,Grantley Adams International,BGI,TBPB
59,Tampa International,TPA,KTPA
60,Denver International,DEN,KDEN
61,Salt Lake City International,SLC,KSLC
62,Austin-bergstrom International,AUS,KAUS
63,Providenciales International Airport,PLS,MBPV
64,E. T. Joshua,SVD,TVSA
65,Harry Reid International Airport,LAS,KLAS
66,Princess Juliana International,SXM,TNCM
67,Punta Cana International,PUJ,MDPC
68,Lambert-St. Louis International,STL,KSTL
69,San Diego International Airport,SAN,KSAN
70,William P Hobby,HOU,KHOU
71,Nassau International,NAS,MYNN
72,V. C. Bird International,ANU,TAPA
73,George Bush Intercontinental,IAH,KIAH
74,Eagle County,EGE,KEGE
75,"Jacksonville,",JAX,KJAX
76,Heathrow,LHR,EGLL
77,Logan International,BOS,KBOS
78,L. F. Wade International,BDA,TXKF
79,Greenville Spartanburg International Airport,GSP,KGSP
80,Richmond International Airport,RIC,KRIC
81,Ronald Reagan Washington National Airport,DCA,KDCA
82,Owen Roberts International,GCM,MWCR
83,Raleigh-durham International Airport,RDU,KRDU
84,Cyril E King Airport,STT,TIST
85,Louis Armstrong New Orléans International Airport,MSY,KMSY
86,Pittsburgh International,PIT,KPIT
87,Cincinnati/Northern Kentucky,CVG,KCVG
88,"Charleston, AFB Municipal",CHS,KCHS
89,Halle,LEJ,EDDP
90,Savannah/Hilton Head,SAV,KSAV
91,Myrtle Beach AFB,MYR,KMYR
92,Hopkins International,CLE,KCLE
93,Point Salines International,GND,TGPY
94,Wilmington International,ILM,KILM
95,Asheville Regional Airport,AVL,KAVL
96,Gerald R. Ford International,GRR,KGRR
97,Liege Airport,LGG,EBLG
98,International Jetport,PWM,KPWM
99,Piedmont Triad International,GSO,KGSO
100,Sarasota/Bradenton International,SRQ,KSRQ
101,Syracuse Hancock International Airport,SYR,KSYR
102,Key West International Airport,EYW,KEYW
103,Philip S. W. Goldson International,BZE,MZBZ
104,Honolulu International,HNL,PHNL
105,Rafael Nunez,CTG,SKCG
106,Greater Rochester International,ROC,KROC
107,Hato International Airport,CUR,TNCC
108,Dane County Regional,MSN,KMSN
109,La Union,POP,MDPP
110,San Antonio International,SAT,KSAT
111,Piarco International,POS,TTPP
112,Los Cabos,SJD,MMSD
113,Daniel Oduber International,LIR,MRLB
114,Hewanorra,UVF,TLPL
115,Norfolk International Airport,ORF,KORF
116,King Abdulaziz International,JED,OEJN
117,Indira Gandhi International,DEL,VIDP
118,Memphis International,MEM,KMEM
119,Vero Beach Municipal,VRB,KVRB
120,Chhatrapati Shivaji International (Sahar International),BOM,VABB
121,Metropolitan Airport,CAE,KCAE
122,Palm Springs Metropolitan Area,PSP,KPSP
123,Birmingham-Shuttlesworth International Airport,BHM,KBHM
124,Halifax International,YHZ,CYHZ
125,Barnstable,HYA,KHYA
126,Kansas City International Airport,MCI,KMCI
127,General Mitchell International,MKE,KMKE
128,Pensacola International Airport,PNS,KPNS
129,Port Columbus International,CMH,KCMH
130,Indianapolis International,IND,KIND
131,Bangor International Airport,BGR,KBGR
132,Burlington International,BTV,KBTV
133,Dubai,DXB,OMDB
134,Mc Ghee Tyson,TYS,KTYS
135,Jorge Chavez International,LIM,SPJC
136,Will Rogers World Airport,OKC,KOKC
137,Des Moines International,DSM,KDSM
138,Cairo International Airport,CAI,HECA
139,Adams Field Airport,LIT,KLIT
140,Worcester Regional Airport,ORH,KORH
141,Albemarle,CHO,KCHO
142,Jomo Kenyatta International,NBO,HKJK
143,Albany International,ALB,KALB
144,Ben Gurion International,TLV,LLBG
145,Northwest Arkansas Regional,XNA,KXNA
146,Buffalo Niagara International,BUF,KBUF
147,Louisville International (Standiford Field),SDF,KSDF
148,Shanghai Pudong International,PVG,ZSPD
149,Henri Coanda International,OTP,LROP
150,Borinquen,BQN,TJBQ
151,Frankfurt International Airport,FRA,EDDF
152,Murtala Muhammed,LOS,DNMM
153,Barajas,MAD,LEMD
154,Schiphol,AMS,EHAM
155,Zurich,ZRH,LSZH
156,Leonardo Da Vinci (Fiumicino),FCO,LIRF
157,Eppley Airfield,OMA,KOMA
158,Tulsa International,TUL,KTUL
159,Dublin International,DUB,EIDW
160,Westchester County Apt,HPN,KHPN
161,Kotoka,ACC,DGAA
162,Kuwait International,KWI,OKKK
163,Auckland International,AKL,NZAA
164,Portland International,PDX,KPDX
165,Kastrup,CPH,EKCH
166,Aeroporto Internacional Guarulhos,GRU,SBGR
167,Milano Malpensa,MXP,LIMC
168,Vancouver International,YVR,CYVR
169,Franz Josef Strauss,MUC,EDDM
170,Juan Santamaría International,SJO,MROC
171,Gatwick,LGW,EGKK
172,Arturo Merino Benitez,SCL,SCEL
173,"Athens International Airport ""Eleftherios Venizelos""",ATH,LGAV
174,El Prat De Llobregat,BCN,LEBL
175,Shannon,SNN,EINN
176,Calgary International Airport,YYC,CYYC
177,Manchester Airport,MAN,EGCC
178,Reno-Tahoe International,RNO,KRNO
179,Tompkins County,ITH,KITH
180,Keflavik International,KEF,BIKF
181,Mohamed V,CMN,GMMN
182,Geneve-cointrin,GVA,LSGG
183,Blaise Diagne International Airport,DSS,GOBD
184,Lisbon Portela,LIS,LPPT
185,Galeao Antonio Carlos Jobim,GIG,SBGL
186,Felix Houphouet Boigny,ABJ,DIAP
187,Nordela (São Miguel Island),PDL,LPPD
188,Ezeiza Ministro Pistarini,EZE,SAEZ
189,Abu Dhabi International,AUH,OMAA
190,Mercedita,PSE,TJPS
191,Edinburgh,EDI,EGPH
192,Singapore Changi,SIN,WSSS
193,Helsinki-vantaa,HEL,EFHK
194,Frederic Chopin,WAW,EPWA
195,Beijing Capital International,PEK,ZBAA
196,Don Miguel Hidalgo y Costilla International,GDL,MMGL
197,Alfonso B. Aragon,CLO,SKCL
198,Bozeman Yellowstone International Airport,BZN,KBZN
199,Crown Point Airport,TAB,TTCP
200,John Wayne,SNA,KSNA
201,Wallblake,AXA,TQPF
202,Robert L Bradshaw International,SKB,TKPK
203,Ramon Villeda Morales International,SAP,MHLM
204,Gwinnett County Airport,LZU,KLZU
205,King Khaled International,RUH,OERK
206,Bradley International,BDL,KBDL
207,Tashkent International,TAS,UTTT
208,Gen Mariano Escobedo,MTY,MMMY
209,Monmouth Executive Airport,BLM,KBLM
210,Belgrade Nikola Tesla,BEG,LYBE
211,University Park Airport,SCE,KUNV
212,Vienna International,VIE,LOWW
213,Marco Polo,VCE,LIPZ
214,Queen Alia International,AMM,OJAI
215,Lome,LFW,DXXX
216,Greater Rockford Airport,RFD,KRFD
217,Berlin Brandenburg Airport,BER,EDDB
218,Findel,LUX,ELLX
219,East Midlands,EMA,EGNX
220,Dekalb-Peachtree,PDK,KPDK
221,Martha's Vineyard,MVY,KMVY
222,Adirondack,SLK,KSLK
223,Hangzhou,HGH,ZSHC
224,Teterboro,TEB,KTEB
225,Lajes Ab,TER,LPLA
226,Guangzhou Baiyun International,CAN,ZGGG
227,Flamingo International,BON,TNCB
228,Nantucket Memorial,ACK,KACK
229,Blue Grass,LEX,KLEX
230,Cherry Capital Airport,TVC,KTVC
231,Naples,APF,KAPF
232,Aspen,ASE,KASE
233,St. Petersburg-Clearwater International,PIE,KPIE
234,James Cox Dayton International,DAY,KDAY
235,Roanoke Regional Airport,ROA,KROA
236,Norton AFB,SBD,KSBD
237,Lovell Field,CHA,KCHA
238,Municipal,LAL,KLAL
239,Melbourne International Airport,MLB,KMLB
240,Municipal,MMU,KMMU
241,Lewis B Wilson,MCN,KMCN
242,Jasionka,RZE,EPRZ
243,Licenciado Gustavo Díaz Ordaz International,PVR,MMPR
244,Hanscom Field,BED,KBED
245,Hilton Head,HHH,KHXD
246,Orlando Executive,ORL,KORL
247,Stewart,SWF,KSWF
248,Mar Del Plata,MDQ,SAZM
249,Waterbury-oxford,OXC,KOXC
250,Rochester International Airport,RST,KRST
251,Atlantic City International,ACY,KACY
252,Dover AFB,DOV,KDOV
253,Newport News/williamsb,PHF,KPHF
254,St Augustine,UST,KSGJ
255,,NLU,MMSM
256,Detroit City,DET,KDET
257,Isla Grande,SIG,TJIG
258,Trenton Mercer Airport,TTN,KTTN
259,,CGF,KCGF
260,Fulton County,FTY,KFTY
261,St. John's International,YYT,CYYT
262,New Haven,HVN,KHVN
263,Toledo Express,TOL,KTOL
264,Greater Moncton International Airport,YQM,CYQM
265,New Bedford,EWB,KEWB
266,Mid-Continent,ICT,KICT
267,Akron/canton Regional,CAK,KCAK
268,Chongqing Jiangbei International,CKG,ZUCK
269,Venice Municipalcipal,VNC,KVNC
270,Newark Liberty International,EWR,KEWR
271,Orlando Sanford International,SFB,KSFB
272,Cincinnati Municipal-Lunken Field,LUK,KLUK
273,Opa Locka,OPF,KOPF
274,Salina,SLN,KSLN
275,Hamburg Airport,HAM,EDDH
276,Daytona Beach International Airport,DAB,KDAB
277,Public,BCT,KBCT
278,Governors Harbour,GHB,MYEM
279,Springdale Municipal,SPZ,KASG
280,Republic Field,FRG,KFRG
281,,OCF,KOCF
282,Manchester-boston Regional Airport,MHT,KMHT
283,Fort Lauderdale Executive,FXE,KFXE
284,Spirit Of St Louis,SUS,KSUS
285,Heydar Aliyev International (Bina International),GYD,UBBB
286,North Philadelphia,PNE,KPNE
287,Pease International,PSM,KPSM
288,Findlay,FDY,KFDY
289,Frankfurt-Hahn,HHN,EDFH
290,Beverly Municipal Airport,BVY,KBVY
291,Malcolm Mckinnon,SSI,KSSI
292,Addison Airport,ADS,KADS
293,Westmoreland County,LBE,KLBE
294,Winnipeg,YWG,CYWG
295,Chestercounty Carlson,CTH,KMQS
296,Mount Comfort Airport,QQQ,KMQJ
297,Santa Fe,SAF,KSAF
298,White River,LEB,KLEB
299,Pinehurst-S. Pines,SOP,KSOP
300,,QQY,KBUY
301,Van Nuys,VNY,KVNY
302,Hattiesburg-Laurel Regional,PIB,KPIB
303,Columbia Regional,COU,KCOU
304,Clinton Field,ILN,KILN
305,St Gatien,DOL,LFRG
306,Wilkes-Barre/Scranton International Airport,AVP,KAVP
307,Monterey Peninsula,MRY,KMRY
308,Allegheny County,AGC,KAGC
309,Schenectady County,SCH,KSCH
310,Gainesville Regional,GNV,KGNV
311,Smyrna,MQY,KMQY
312,Montauk Airport,MTP,KMTP
313,Craig Municipal,CRG,KCRG
314,Marsh Harbour Airport,MHH,MYAM
315,Telluride Regional,TEX,KTEX
316,Penn Valley,SEG,KSEG
317,Jeffco,BJC,KBJC
318,,PSF,KPSF
319,Robert Gray AAF,GRK,KGRK
320,Municipalcipal/Spaatz Field,RDG,KRDG
321,Tamiami,TMB,KTMB
322,Luton Airport,LTN,EGGW
323,Sofia,SOF,LBSF
324,Municipal,MHE,KMHE
325,John C. Munroe,YHM,CYHM
326,Willow Run,YIP,KYIP
327,Blagnac,TLS,LFBO
328,New Century Aircenter Airport,JCI,KIXD
329,Suffolk County,FOK,KFOK
330,Wurtsmith AFB,OSC,KOSC
331,Cote D'azur International Airport,NCE,LFMN
332,Erie International Airport Tom Ridge Field,ERI,KERI
333,,GSB,KGSB
334,Gulfport-Biloxi International,GPT,KGPT
335,Gardermoen,OSL,ENGM
336,Fuzhou,FOC,ZSFZ
337,Arapahoe Co,APA,KAPA
338,Sanford,SFM,KSFM
339,State,NPT,KUUU
340,Florence,FLO,KFLO
341,Pal-Waukee,PWK,KPWK
342,Ottawa Macdonald-Cartier International,YOW,CYOW
343,Fort Worth Alliance,AFW,KAFW
344,,MNZ,KHEF
345,Witham Field,SUA,KSUA
346,Bush Field,AGS,KAGS
347,Municipal,FAY,KFAY
348,Shenandoah Valley,SHD,KSHD
349,Sacramento International,SMF,KSMF
350,South Bend Regional,SBN,KSBN
351,Stuttgart Echterdingen,STR,EDDS
352,Igor I. Sikorsky Memorial,BDR,KBDR
353,Arlanda,ARN,ESSA
354,Huntsville International - Carl T. Jones Field,HSV,KHSV
355,,MIE,KMIE
356,Capital City,HAR,KCXY
357,NAS,NHZ,KBXM
358,Harrisburg International,MDT,KMDT
359,Austin-straubel Field,GRB,KGRB
360,St Lucie County,FPR,KFPR
361,Marco Island,MRK,KMKY
362,Mc Carran International,LAS,KLAS
363,Pontiac,PTK,KPTK
364,Concord-Padgett Regional Airport,USA,KJQF
365,East Hampton,HTO,KJPX
366,Municipal,AIK,KAIK
367,Cape May County,WWD,KWWD
368,Nadi International,NAN,NFFN
369,Tarbes Ossun Lourdes,LDE,LFBT
370,Liszt Ferenc International,BUD,LHBP
371,Bob Hope,BUR,KBUR
372,Ontario International,ONT,KONT
373,Albuquerque International,ABQ,KABQ
374,Kenosha Regional Airport,ENW,KENW
375,Lehigh Valley International,ABE,KABE
376,Tyler Pounds Regional Airport,TYR,KTYR
377,Robert J. Miller,MJX,KMJX
378,,QQN,KJWN
379,Capodichino,NAP,LIRN
380,Prague Vaclav Havel Airport,PRG,LKPR
381,Sussex County,GED,KGED
382,Eugene,EUG,KEUG
383,Narita International Airport,NRT,RJAA
384,,DWC,OMDW
385,Toronto City Centre Airport,YTZ,CYTZ
386,Las Bajadas,VER,MMVR
387,Glasgow International,GLA,EGPF
388,Glenn L Martin,MTN,KMTN
389,Avra Valley,AVW,KAVQ
390,Memorial,OWD,KOWD
391,Indianapolis Executive Airport,TYQ,KTYQ
392,Charleston Executive Airport,JZI,KJZI
393,Tucson International Airport,TUS,KTUS
394,NAS,NCO,KOQU
395,,DSI,KDTS
396,Fontanarossa,CTA,LICC
397,Greater Wilmington,ILG,KILG
398,Dutchess County,POU,KPOU
399,Westerly State,WST,KWST
400,Mirabel,YMX,CYMX
401,Knox County Regional,RKD,KRKD
402,St. Louis Downtown Airport,CPS,KCPS
403,North Eleuthera Airport,ELH,MYEH
404,Rick Husband Amarillo International,AMA,KAMA
405,Joe Foss Field Airport,FSD,KFSD
406,Albert J Ellis,OAJ,KOAJ
407,Metropolitan Oak International,OAK,KOAK
408,Municipal Airport,AUZ,KARR
409,Oconee County,CEU,KCEU
410,Ames,AMW,KAMW
411,Stansted,STN,EGSS
412,Ohio State University,OSU,KOSU
413,Palese,BRI,LIBD
414,Meacham Field,FTW,KFTW
415,Euroairport Swiss,BSL,LFSB
416,Punta Raisi,PMO,LICJ
417,Tallahassee Regional Airport,TLH,KTLH
418,WK Kellogg Regional,BTL,KBTL
419,Provincetown,PVC,KPVC
420,Zadar,ZAD,LDZD
421,Bar Harbor,BHB,KBHB
422,Goose Bay,YYR,CYYR
423,Long Beach Municipal,LGB,KLGB
424,Manta,MEC,SEMT
425,Franjo Tudman International Airport,ZAG,LDZA
426,Emmet County,PLN,KPLN
427,Rutland,RUT,KRUT
428,Dillant-Hopkins,EEN,KEEN
429,Glacier Park International,FCA,KGPI
430,Capital City,LAN,KLAN
431,Kangerlussuaq,SFJ,BGSF
432,Santa Barbara Metropolitan Area,SBA,KSBA
433,Istanbul Airport,IST,LTBA
434,Montgomery County,GAI,KGAI
435,NW Florida Beaches Int,ECP,KECP
436,Municipal,LCI,KLCI
437,Elmira Corning Regional,ELM,KELM
438,Outagamie County,ATW,KATW
439,Berlin Brandenburg Airport,BER,BER
440,Southern California Logistics,VCV,KVCV
441,Raleigh-durham International Airport,RDU,RDU
442,Jorge Chavez International,LIM,SPIM
443,Nashville International,BNA,BNA
444,Port Hawkesbury,YPS,CYPD
445,Düsseldorf International Airport,DUS,EDDL
446,Le Bourget,LBG,LFPB
447,Baghdad International,BGW,ORBI
448,Bateen,AZI,OMAD
449,Lancaster,LNS,KLNS
450,,LUZ,EPLB
451,Youngstown,YNG,KYNG
452,Sonoma County,STS,KSTS
453,Bahrain International,BAH,OBBI
454,Municipal,ABR,KABR
455,Tashkent International,TAS,UZTT
456,Scottsdale Municipalcipal,SCF,KSDL
457,New London,GON,KGON
458,Boeing Field/King County International Airport,BFI,KBFI
459,Burke Lakefront,BKL,KBKL
460,Warren County,BWG,KBWG
461,Frederick Municipal,FDK,KFDK
462,Gary/Chicago International,GYY,KGYY
463,Flying Cloud,FCM,KFCM
464,Kuwait International,KWI,OKBK
465,Novo Alexeyevka International,TBS,UGTB
466,Provo,PVU,KPVU
467,Lawrence,LWM,KLWM
468,,WGO,KOKV
469,Wiley Post,PWA,KPWA
470,Memorial,UGN,KUGN
471,Malta International,MLA,LMML
472,Winder,WDR,KWDR
473,Snohomish County - Paine Field,PAE,KPAE
474,,SUM,KSMS
475,Municipal,OGB,KOGB
476,Renton,RNT,KRNT
477,Henry E Rohlsen,STX,TISX
478,St Hubert,YHU,CYHU
479,,ADW,KADW
480,Ryan,BTR,KBTR
481,Dougherty County,ABY,KABY
482,The Florida Keys Marathon,MTH,KMTH
483,Menara,RAK,GMMX
484,Samaná El Catey International,AZS,MDCY
485,Danbury Municipal Airport,DXR,KDXR
486,Easton,ESN,KESN
487,Sedalia,DMO,KDMO
488,Montrose Regional Airport,MTJ,KMTJ
489,Garfield County,RIL,KRIL
490,Millville,MIV,KMIV
491,Québec,YQB,CYQB
492,Larnaca,LCA,LCLK
493,County,WSG,KAFJ
494,,DYS,KDYS
495,Page Field,FMY,KFMY
496,Mountain Home AFB,MUO,KMUO
497,Kissimmee Gateway,ISM,KISM
498,Malargue,LGS,SAMM
499,Baldwin County,MLJ,KMLJ
500,Cambria County,JST,KJST
501,Municipal,DEH,KDEH
502,Wings Field,BBX,KLOM
503,North Central,SFZ,KSFZ
504,Space Coast Regional,TIX,KTIX
505,Smith-Reynolds,INT,KINT
506,Greater Binghamton,BGM,KBGM
507,Guantanamo NAS,NBW,MUGM
508,Preston-glenn Field,LYH,KLYH
509,North Air Terminal,VGT,KVGT
510,Dupage County,DPA,KDPA
511,,NUQ,KNUQ
512,Westover ARB/Metropolitan,CEF,KCEF
513,Springfield-Branson Rg,SGF,KSGF
514,Georgetown,GGE,KGGE
515,Lake City,LCQ,KLCQ
516,Rockwood Municipal Airport,RKW,KRKW
517,,RBK,
518,Laredo International Airport,LRD,KLRD
519,,PCT,
520,Zanesville,ZZV,KZZV
521,Dannelly Field,MGM,KMGM
522,Grand Strand Airport,CRE,KCRE
523,Van De Graaf,TCL,KTCL
524,Mathis Field,SJT,KSJT
525,Downtown,MKC,KMKC
526,Brainerd Lakes Regional,BRD,KBRD
527,,BEH,KBEH
528,Mc Clellan-Palomar Airport,CLD,KCRQ
529,Reykjavik Domestic,RKV,BIRK
530,Central Illinois Regional Airport at Bloomington-Normal,BMI,KBMI
531,Hardy-Anders,HEZ,KHEZ
532,Boise Air Terminal/Gowen Field,BOI,KBOI
533,Bole International,ADD,HAAB
534,Rochambeau,CAY,SOCA
535,Dayton-Wright Brothers Airport,MGY,KMGY
536,Warren County,GFL,KGFL
537,MBS International,MBS,KMBS
538,,HCC,
539,Municipal,OCE,KOXB
540,Mineta San Jose International Airport,SJC,KSJC
541,Alpena County Regional,APN,KAPN
542,Jackson Hole,JAC,KJAC
543,Windsor,YQG,CYQG
544,Raf Brize Norton,BZZ,EGVN
545,Augusta,AUG,KAUG
546,Robert Lafleur,WVL,KWVL
547,Charlottetown,YYG,CYYG
548,Hazleton,HZL,KHZL
549,Niagara Falls International Airport,IAG,KIAG
550,Watertown,ART,KART
551,Muskoka,YQA,CYQA
552,Dundee,DND,EGPN
553,Caldwell Wright,CDW,KCDW
554,Coeur D'Alene,COE,KCOE
555,Sun Valley,SUN,KSUN
556,Colorado Springs,COS,KCOS
557,Auburn,LEW,KLEW
558,Butler County - Kenny Scholter Field,BTP,KBTP
559,South Lake Tahoe,TVL,KTVL
560,St Catharines,YCM,CYSN
561,Jamestown,JHW,KJHW
562,Chicago O'hare International,ORD,ORD
563,Gerald R. Ford International,GRR,GRR
564,Pittsburgh International,PIT,PIT
565,Indianapolis International,IND,IND
566,Lincoln,LNK,KLNK
567,Kansai International,KIX,RJBB
568,Beirut Rafic Hariri Airport,BEY,OLBA
569,Port Columbus International,CMH,CMH
570,NAS Chambers,NGU,KNGU
571,Lake Placid,LKP,KLKP
572,,IMS,KIMS
573,Buchanan Field,CCR,KCCR
574,Greater Peoria,PIA,KPIA
575,Rickenbacker,LCK,KLCK
576,Statesville Municipal,SVH,KSVH
577,Forbes Field,FOE,KFOE
578,Reynolds Municipal,JXN,KJXN
579,Midland International,MAF,KMAF
580,Grissom AFB,GUS,KGUS
581,Copernicus Airport,WRO,EPWR
582,Brainard,HFD,KHFD
583,Greenbrier Valley,LWB,KLWB
584,Morrisville-Stowe,MVL,KMVL
585,Wayne County,BJJ,KBJJ
586,Jacksonville NAS,NIP,KNIP
587,Downtown,STP,KSTP
588,Airpark,MDD,KMDD
589,Griffiss AFB,RME,KRME
590,Melville Hall,DOM,TDPD
591,Marana,MZJ,KMZJ
592,Beckley,BKW,KBKW
593,Lakefront,NEW,KNEW
