airline_name,total_departures,average_departure_delay,cancelled_flights,cancellation_rate
21 Air,1,13.0,0,0.0
ABX Air,389,18.041131105398456,0,0.0
ANA,3255,25.06205837173579,34,1.044546850998464
ASKY,174,52.201149425287355,0,0.0
ASL Airlines Belgium,67,0.29850746268656714,0,0.0
ASL Airlines Ireland,47,111.02127659574468,0,0.0
ATI,365,24.10958904109589,0,0.0
AZAL Azerbaijan Airlines,1,0.0,0,0.0
Aer Lingus,10212,41.983842538190366,221,2.164120642381512
Aero,1,10.0,0,0.0
AeroLogic,90,20.733333333333334,0,0.0
Aerolineas Argentinas,1306,39.97320061255743,15,1.1485451761102603
Aeromexico,19343,38.02822726567751,343,1.7732513053817918
Air Alsie,8,23.75,0,0.0
Air Atlanta Icelandic,4,20.0,0,0.0
Air Baltic,63,32.507936507936506,2,3.1746031746031744
Air Canada,5600,33.761428571428574,250,4.464285714285714
Air Century,1,98.0,0,0.0
Air China Cargo,194,130.9020618556701,0,0.0
Air China LTD,1002,20.107784431137723,0,0.0
Air Cote D'Ivoire,125,53.432,0,0.0
Air Europa,7685,49.886792452830186,81,1.0540013012361744
Air France,35497,44.39879426430402,794,2.236808744400935
Air Incheon,42,37.166666666666664,0,0.0
Air India,855,58.954385964912284,7,0.8187134502923977
Air New Zealand,6664,33.779411764705884,98,1.4705882352941175
Air Serbia,2568,52.80685358255452,72,2.803738317757009
Air Tahiti Nui,3046,38.90512147078135,22,0.7222586999343401
Air Transat,519,27.759152215799613,22,4.238921001926782
AirTanker Services,4,10.0,0,0.0
Alaska Airlines,3116,42.31803594351733,29,0.9306803594351734
Alaska Airlines (Boeing 100 Years Strong Livery),2,15.0,0,0.0
Alaska Airlines (Boeing 100 years strong Livery),17,28.705882352941178,0,0.0
Alaska Airlines (Disney Toon Town Livery),4,25.5,0,0.0
Alaska Airlines (Disneyland - Pixar Pier Livery),3,29.0,0,0.0
Alaska Airlines (Honoring Those Who Serve Livery),19,31.36842105263158,0,0.0
Alaska Airlines (Honoring those who serve Livery),5,26.0,0,0.0
Alaska Airlines (Oneworld Livery),56,46.75,0,0.0
Alaska Airlines (San Francisco Giants Livery),6,43.833333333333336,0,0.0
Alaska Airlines (Seattle Kraken Livery),17,56.35294117647059,1,5.88235294117647
Alaska Airlines (Seattle Mariners Livery),18,39.55555555555556,0,0.0
Alaska Airlines (Star Wars Livery),11,35.09090909090909,0,0.0
Alaska Airlines (Tiana’s Bayou Adventure Livery),2,25.0,0,0.0
Alaska Airlines (UNCF Livery),12,42.25,0,0.0
Alaska Airlines (West Coast Wonders Livery),17,50.8235294117647,0,0.0
Alaska Airlines (Xáat Kwáani Livery),1,22.0,0,0.0
Alaska airlines,17,44.294117647058826,0,0.0
Alitalia,11994,53.13356678339169,400,3.3350008337502084
Allegiant Air,7,49.57142857142857,0,0.0
AlphaSky,9556,38.956990372540815,142,1.4859773964001675
Amazon Air,48,12.625,0,0.0
American Airlines,73672,32.683393962428056,1442,1.9573243566076666
Ameriflight,1,10.0,0,0.0
Ameristar Jet Charter,1,0.0,0,0.0
Arkia Israeli Airlines,118,19.95762711864407,0,0.0
Asiana Airlines,1472,28.670516304347824,4,0.2717391304347826
Atlantic Airways,148,44.560810810810814,1,0.6756756756756757
Atlas Air,906,47.1037527593819,0,0.0
Austrian,206,44.85436893203884,2,0.9708737864077669
Avelo Airlines,123,37.4390243902439,0,0.0
Avianca Cargo,32,80.4375,0,0.0
Avianca Costa Rica,97,8.237113402061855,0,0.0
Avianca Ecuador,1,0.0,0,0.0
Awesome Cargo,1,0.0,0,0.0
Azores Airlines,191,68.63350785340315,0,0.0
Azul,5822,40.30419099965648,108,1.8550326348333905
BermudAir,27,13.518518518518519,0,0.0
Binter Canarias,85,79.01176470588236,0,0.0
Braathens Regional Airlines,3,52.333333333333336,0,0.0
Breeze Airways,799,33.483103879849814,5,0.6257822277847309
British Airways,32139,39.13136687513613,652,2.0286878869908835
Brussels Airlines,1005,41.70049751243781,16,1.5920398009950247
C.A.L. Cargo Airlines,137,17.452554744525546,0,0.0
CMA CGM Air Cargo,1,14.0,0,0.0
Cape Air,1010,22.9990099009901,46,4.554455445544554
Cargojet,167,1.7964071856287425,0,0.0
Cargolux,396,53.25757575757576,0,0.0
Caribbean Airlines,940,31.630851063829788,2,0.2127659574468085
Castle Aviation,1,33.0,0,0.0
Cathay Pacific,5866,37.31929764745994,116,1.9774974428912375
Cayman Airways,121,40.46280991735537,0,0.0
Challenge Airlines BE,262,41.05725190839695,0,0.0
China Airlines,1774,32.30045095828636,30,1.6910935738444193
China Cargo,244,77.9672131147541,0,0.0
China Eastern Airlines,3717,44.32391713747646,107,2.878665590529997
China Southern Airlines,1064,44.45864661654135,20,1.8796992481203008
Chrono Aviation,28,0.0,0,0.0
Chrono Jet,31,6.161290322580645,0,0.0
Condor,1228,49.59446254071661,10,0.8143322475570033
Contour Aviation,6,27.0,0,0.0
Copa Airlines,1692,27.221040189125297,4,0.2364066193853428
DHL Air,772,36.95077720207254,0,0.0
Delta Air Lines,138717,35.89616269094631,2671,1.9255030025159139
EVA Air,960,29.0125,2,0.20833333333333334
Eastern Airlines,13,126.92307692307692,0,0.0
EgyptAir,294,73.51360544217687,0,0.0
El Al,35975,40.290479499652534,745,2.07088255733148
Emirates,1682,41.303804994054694,10,0.5945303210463734
Ethiopian Airlines,478,45.41841004184101,7,1.4644351464435146
Etihad Airways,17452,44.487852395140955,360,2.06280082512033
EuroAtlantic Airways,164,49.97560975609756,0,0.0
Evelop Airlines,165,40.04848484848485,0,0.0
Everts Air Cargo,3,67.66666666666667,0,0.0
Executive Jet Management,105,14.19047619047619,0,0.0
Express Freighters Australia,1,10.0,0,0.0
FedEx,727,6.3149931224209075,0,0.0
Fiji Airways,556,47.97122302158273,8,1.4388489208633095
Finnair,9030,36.89933554817276,175,1.937984496124031
Flair Airlines,70,27.6,0,0.0
Flexjet,992,34.51209677419355,0,0.0
Flight Options,3,74.33333333333333,0,0.0
Freight Runners Express,5,15.8,0,0.0
Frontier Airlines,5951,39.287346664426146,75,1.2602923878339773
Galistair Infinite Aviation,28,22.0,0,0.0
GlobalX,26,34.5,0,0.0
Gol,9110,38.735455543358945,160,1.756311745334797
Gryphon Airlines,61,0.0,0,0.0
Gulf Air,5032,40.03736089030207,119,2.364864864864865
GullivAir,77,32.98701298701299,0,0.0
Hainan Airlines,7,7.142857142857143,0,0.0
Hawaiian Airlines,17538,40.66786406659824,293,1.670657999771924
Hex'Air,20,26.9,0,0.0
Hi Fly,4,85.25,0,0.0
Hi Fly Malta,2,49.0,0,0.0
HiSky,123,64.66666666666667,0,0.0
HiSky Europe,133,3.6466165413533833,1,0.7518796992481203
ITA Airways,703,34.40398293029872,5,0.7112375533428165
Iberia,12547,39.93321112616562,284,2.2634892803060493
Icelandair,4571,35.20345657405382,67,1.4657624152264275
IndiGo,907,44.54906284454245,7,0.7717750826901874
Iraqi Airways,2,18.0,0,0.0
Isles Of Scilly Skybus,15,9.333333333333334,0,0.0
Japan Airlines,10679,42.14692386927615,274,2.5657833130442924
Jazz,1,111.0,0,0.0
JetBlue Airways,54831,35.67111670405428,725,1.3222447155806023
Journey Aviation,6,66.83333333333333,0,0.0
KLM,36529,42.46505516165239,855,2.3406060937884967
Kaiser Air,1,0.0,0,0.0
Kalitta Air,365,32.326027397260276,0,0.0
Kalitta Charters,19,16.57894736842105,0,0.0
Kenya Airways,8891,37.7227533460803,185,2.080755820492633
Korean Air,21038,38.56935069873562,401,1.9060747219317424
Kuwait Airways,217,30.22119815668203,0,0.0
LATAM Airlines,27846,34.17460317460318,383,1.3754219636572578
LATAM Cargo Chile,169,10.47337278106509,0,0.0
LOT - Polish Airlines,4227,40.16583865625739,111,2.62597586941093
Level,150,21.266666666666666,2,1.3333333333333335
Lufthansa,1337,43.528047868362,35,2.6178010471204187
Lufthansa Cargo,2,163.0,0,0.0
MNG Airlines,134,36.3134328358209,0,0.0
Malaysia Airlines,6514,39.58566165182683,127,1.9496469143383481
Masair,4,30.75,0,0.0
Mesa Airlines,3,10.666666666666666,0,0.0
Miat - Mongolian Airlines,846,32.40780141843972,9,1.0638297872340425
Middle East Airlines,1,80.0,0,0.0
NCA - Nippon Cargo Airlines,88,33.76136363636363,0,0.0
National Airlines,32,8.3125,0,0.0
Neos,176,38.15340909090909,0,0.0
NetJets Aviation,1971,14.900558092338914,0,0.0
NetJets Europe,2,10.0,0,0.0
Nolinor,1,120.0,0,0.0
Norse,770,50.34935064935065,5,0.6493506493506493
Norse UK,218,0.6743119266055045,3,1.3761467889908259
Oman Air,709,30.78561354019746,1,0.14104372355430184
Omni Air International,5,4.0,0,0.0
One Air,1,113.0,0,0.0
PSA Airlines,1,42.0,0,0.0
Pakistan International Airlines,846,46.164302600472816,6,0.7092198581560284
Philippine Airlines,136,41.838235294117645,2,1.4705882352941175
Polar Air Cargo,34,0.0,0,0.0
Porter,516,27.098837209302324,7,1.3565891472868217
Porter Airlines,1573,28.540368722186905,39,2.479338842975207
Porter Airlines Canada,45,8.666666666666666,13,28.888888888888886
Priester Aviation,5,60.0,0,0.0
Privaira,7,51.285714285714285,0,0.0
Privilege Style,41,38.78048780487805,0,0.0
Qantas,8585,38.51531741409435,174,2.0267909143855563
Qatar Airways,49970,37.8638783269962,880,1.7610566339803884
Qatar Airways Amiri Flight,5,8.0,0,0.0
Qatar Executive,30,31.233333333333334,0,0.0
Quest Diagnostics,1,46.0,0,0.0
Ravn Alaska,12,54.5,1,8.333333333333332
Republic Airways,238,26.218487394957982,0,0.0
Royal Air Charter,4,29.5,0,0.0
Royal Air Maroc,11666,39.928853077318706,255,2.185839190810903
Royal Australian Air Force,1,53.0,0,0.0
Royal Jordanian,2644,45.00037821482602,102,3.8577912254160367
RwandAir,902,35.25720620842572,1,0.11086474501108648
SA AVIANCA,4932,28.600973236009732,48,0.9732360097323601
SAS,14611,50.55013346109096,556,3.805352131955376
SF Airlines,69,21.81159420289855,0,0.0
SWISS,876,36.01712328767123,6,0.684931506849315
SalamAir,67,9.850746268656716,0,0.0
Saudia,2168,36.10747232472325,22,1.014760147601476
Silk Way Airlines,1,21.0,0,0.0
Silk Way West,90,44.166666666666664,0,0.0
Singapore Airlines,11583,44.89121989121989,225,1.9425019425019423
SkyWest Airlines,27,86.22222222222223,0,0.0
Slate Aviation,15,26.866666666666667,0,0.0
Southwest Airlines,12244,34.0187030382228,138,1.1270826527278666
Spirit Airlines,5078,27.5504135486412,99,1.9495864513588028
SriLankan Airlines,1658,35.21170084439083,8,0.48250904704463204
Starlink Aviation,1,0.0,0,0.0
Sun Country Airlines,203,28.47783251231527,0,0.0
TACA,132,8.886363636363637,0,0.0
TAP Air Portugal,6571,29.825292953888297,104,1.5827119159945213
TAROM,382,33.44502617801047,4,1.0471204188481675
Thai Airways International,1537,36.78139232270657,11,0.715679895901106
Tradewind Aviation,195,22.523076923076925,0,0.0
Tropic Ocean Airways,4,5.0,0,0.0
Turkish Airlines,10152,40.67976753349094,209,2.0587076438140266
UPS Airlines,888,31.10472972972973,0,0.0
Ultimate Air Shuttle,1,10.0,0,0.0
United Airlines,19870,32.7305485656769,486,2.4458983392048315
Uzbekistan Airways,1086,43.394106813996316,7,0.6445672191528545
Vietnam Airlines,229,49.05240174672489,3,1.3100436681222707
Virgin Atlantic,55670,40.10339500628705,1102,1.9795221843003412
Virgin Australia,2306,30.207718993928882,34,1.4744145706851692
VistaJet,2,10.0,0,0.0
VistaJet Germany,2,5.0,0,0.0
VivaAerobus,315,44.006349206349206,2,0.6349206349206349
Volaris,2119,39.78810759792355,21,0.9910335063709298
Vueling,215,25.260465116279068,4,1.8604651162790697
Wamos Air,3,114.66666666666667,0,0.0
WestJet,51884,38.01058129673888,1356,2.6135224732094673
Western Aircraft,1,23.0,0,0.0
World2Fly,4,5.25,0,0.0
XOJET,4,43.5,0,0.0
Xiamen Airlines,99,38.55555555555556,0,0.0
euroairlines,1,0.0,0,0.0
